Params,f1_weighted,F1_Score,Accuracy,Recall
"{'bootstrap': False, 'criterion': 'entropy', 'max_depth': 10, 'max_features': 'sqrt', 'min_samples_leaf': 1, 'min_samples_split': 2, 'n_estimators': 50}",0.49296373875949007,0.49296373875949007,0.6200636646676492,0.6200636646676492
"{'bootstrap': False, 'criterion': 'entropy', 'max_depth': 10, 'max_features': 'sqrt', 'min_samples_leaf': 2, 'min_samples_split': 10, 'n_estimators': 50}",0.4928360036111482,0.4928360036111482,0.620205575019013,0.620205575019013
"{'bootstrap': False, 'criterion': 'entropy', 'max_depth': 10, 'max_features': 'sqrt', 'min_samples_leaf': 4, 'min_samples_split': 2, 'n_estimators': 50}",0.49279145262862756,0.49279145262862756,0.6198738439790822,0.6198738439790822
"{'bootstrap': False, 'criterion': 'entropy', 'max_depth': 10, 'max_features': 'sqrt', 'min_samples_leaf': 1, 'min_samples_split': 10, 'n_estimators': 50}",0.4927408474265432,0.4927408474265432,0.6198737428312908,0.6198737428312908
"{'bootstrap': False, 'criterion': 'entropy', 'max_depth': 10, 'max_features': 'sqrt', 'min_samples_leaf': 1, 'min_samples_split': 5, 'n_estimators': 50}",0.49199852855604986,0.49199852855604986,0.6203480023479774,0.6203480023479774
"{'bootstrap': False, 'criterion': 'entropy', 'max_depth': 10, 'max_features': 'sqrt', 'min_samples_leaf': 2, 'min_samples_split': 5, 'n_estimators': 50}",0.49197118716435434,0.49197118716435434,0.6193996968488304,0.6193996968488304
"{'bootstrap': False, 'criterion': 'entropy', 'max_depth': 10, 'max_features': 'sqrt', 'min_samples_leaf': 4, 'min_samples_split': 5, 'n_estimators': 50}",0.4913760156991117,0.4913760156991117,0.6190207185516625,0.6190207185516625
"{'bootstrap': False, 'criterion': 'entropy', 'max_depth': 10, 'max_features': 'sqrt', 'min_samples_leaf': 4, 'min_samples_split': 10, 'n_estimators': 50}",0.4907947369088047,0.4907947369088047,0.6181197165029702,0.6181197165029702
"{'bootstrap': False, 'criterion': 'entropy', 'max_depth': 10, 'max_features': 'sqrt', 'min_samples_leaf': 2, 'min_samples_split': 2, 'n_estimators': 50}",0.4896798690291545,0.4896798690291545,0.6179775251855191,0.6179775251855191
"{'bootstrap': False, 'criterion': 'entropy', 'max_depth': 10, 'max_features': 'log2', 'min_samples_leaf': 1, 'min_samples_split': 2, 'n_estimators': 50}",0.48914431455670887,0.48914431455670887,0.618783414594345,0.618783414594345
"{'bootstrap': False, 'criterion': 'entropy', 'max_depth': 10, 'max_features': 'log2', 'min_samples_leaf': 2, 'min_samples_split': 2, 'n_estimators': 50}",0.48845022089355883,0.48845022089355883,0.6181672896808685,0.6181672896808685
"{'bootstrap': False, 'criterion': 'entropy', 'max_depth': 10, 'max_features': 'log2', 'min_samples_leaf': 2, 'min_samples_split': 5, 'n_estimators': 50}",0.48786084541770647,0.48786084541770647,0.6166973537827195,0.6166973537827195
"{'bootstrap': False, 'criterion': 'entropy', 'max_depth': 10, 'max_features': 'log2', 'min_samples_leaf': 1, 'min_samples_split': 5, 'n_estimators': 50}",0.48766809844893294,0.48766809844893294,0.6172661640070978,0.6172661640070978
"{'bootstrap': False, 'criterion': 'entropy', 'max_depth': 10, 'max_features': 'log2', 'min_samples_leaf': 2, 'min_samples_split': 10, 'n_estimators': 50}",0.4873841568227366,0.4873841568227366,0.6171243098489516,0.6171243098489516
"{'bootstrap': False, 'criterion': 'entropy', 'max_depth': 10, 'max_features': 'log2', 'min_samples_leaf': 4, 'min_samples_split': 5, 'n_estimators': 50}",0.48716361688816134,0.48716361688816134,0.6166499379458299,0.6166499379458299
"{'bootstrap': False, 'criterion': 'entropy', 'max_depth': 10, 'max_features': 'log2', 'min_samples_leaf': 4, 'min_samples_split': 2, 'n_estimators': 50}",0.4869883042272544,0.4869883042272544,0.6165552973289903,0.6165552973289903
"{'bootstrap': False, 'criterion': 'entropy', 'max_depth': 10, 'max_features': 'log2', 'min_samples_leaf': 1, 'min_samples_split': 10, 'n_estimators': 50}",0.4850442231027639,0.4850442231027639,0.614184775211958,0.614184775211958
"{'bootstrap': False, 'criterion': 'entropy', 'max_depth': 10, 'max_features': 'log2', 'min_samples_leaf': 4, 'min_samples_split': 10, 'n_estimators': 50}",0.4849979440574133,0.4849979440574133,0.6140426063717939,0.6140426063717939
"{'bootstrap': False, 'criterion': 'entropy', 'max_depth': 5, 'max_features': 'sqrt', 'min_samples_leaf': 4, 'min_samples_split': 5, 'n_estimators': 50}",0.4764624631955311,0.4764624631955311,0.6043236185375132,0.6043236185375132
"{'bootstrap': False, 'criterion': 'entropy', 'max_depth': 5, 'max_features': 'sqrt', 'min_samples_leaf': 2, 'min_samples_split': 10, 'n_estimators': 50}",0.47601066789363256,0.47601066789363256,0.604181359788201,0.604181359788201
"{'bootstrap': False, 'criterion': 'entropy', 'max_depth': 5, 'max_features': 'sqrt', 'min_samples_leaf': 1, 'min_samples_split': 10, 'n_estimators': 50}",0.47495091147812696,0.47495091147812696,0.6031384249108579,0.6031384249108579
"{'bootstrap': False, 'criterion': 'entropy', 'max_depth': 5, 'max_features': 'sqrt', 'min_samples_leaf': 4, 'min_samples_split': 2, 'n_estimators': 50}",0.4744845755002582,0.4744845755002582,0.6025699293684973,0.6025699293684973
"{'bootstrap': False, 'criterion': 'entropy', 'max_depth': 5, 'max_features': 'sqrt', 'min_samples_leaf': 4, 'min_samples_split': 10, 'n_estimators': 50}",0.4742687770494243,0.4742687770494243,0.6018584333263541,0.6018584333263541
"{'bootstrap': False, 'criterion': 'entropy', 'max_depth': 5, 'max_features': 'sqrt', 'min_samples_leaf': 2, 'min_samples_split': 5, 'n_estimators': 50}",0.47425168966875103,0.47425168966875103,0.6023324793088144,0.6023324793088144
"{'bootstrap': False, 'criterion': 'entropy', 'max_depth': 5, 'max_features': 'sqrt', 'min_samples_leaf': 1, 'min_samples_split': 5, 'n_estimators': 50}",0.4740880708461514,0.4740880708461514,0.601526421320336,0.601526421320336
"{'bootstrap': False, 'criterion': 'entropy', 'max_depth': 5, 'max_features': 'sqrt', 'min_samples_leaf': 1, 'min_samples_split': 2, 'n_estimators': 50}",0.4720566692104531,0.4720566692104531,0.5996779117161847,0.5996779117161847
"{'bootstrap': False, 'criterion': 'entropy', 'max_depth': 5, 'max_features': 'log2', 'min_samples_leaf': 4, 'min_samples_split': 2, 'n_estimators': 50}",0.4718509780482994,0.4718509780482994,0.5984450437638398,0.5984450437638398
"{'bootstrap': False, 'criterion': 'entropy', 'max_depth': 5, 'max_features': 'log2', 'min_samples_leaf': 4, 'min_samples_split': 10, 'n_estimators': 50}",0.47175511417949967,0.47175511417949967,0.5982557850074472,0.5982557850074472
"{'bootstrap': False, 'criterion': 'entropy', 'max_depth': 5, 'max_features': 'log2', 'min_samples_leaf': 1, 'min_samples_split': 5, 'n_estimators': 50}",0.4709426957955215,0.4709426957955215,0.5982078072383832,0.5982078072383832
"{'bootstrap': False, 'criterion': 'entropy', 'max_depth': 5, 'max_features': 'sqrt', 'min_samples_leaf': 2, 'min_samples_split': 2, 'n_estimators': 50}",0.4708267325500216,0.4708267325500216,0.5983025377643708,0.5983025377643708
"{'bootstrap': False, 'criterion': 'entropy', 'max_depth': 5, 'max_features': 'log2', 'min_samples_leaf': 1, 'min_samples_split': 10, 'n_estimators': 50}",0.47043086017783164,0.47043086017783164,0.5976390419685788,0.5976390419685788
"{'bootstrap': False, 'criterion': 'entropy', 'max_depth': 5, 'max_features': 'log2', 'min_samples_leaf': 4, 'min_samples_split': 5, 'n_estimators': 50}",0.47011462975921037,0.47011462975921037,0.5955531047820315,0.5955531047820315
"{'bootstrap': False, 'criterion': 'entropy', 'max_depth': 5, 'max_features': 'log2', 'min_samples_leaf': 2, 'min_samples_split': 5, 'n_estimators': 50}",0.46981131943593174,0.46981131943593174,0.5962169826917023,0.5962169826917023
"{'bootstrap': False, 'criterion': 'entropy', 'max_depth': 5, 'max_features': 'log2', 'min_samples_leaf': 2, 'min_samples_split': 10, 'n_estimators': 50}",0.4696495019030723,0.4696495019030723,0.5956006442439995,0.5956006442439995
"{'bootstrap': False, 'criterion': 'entropy', 'max_depth': 5, 'max_features': 'log2', 'min_samples_leaf': 2, 'min_samples_split': 2, 'n_estimators': 50}",0.46952590469523897,0.46952590469523897,0.5948423167744284,0.5948423167744284
"{'bootstrap': False, 'criterion': 'entropy', 'max_depth': 5, 'max_features': 'log2', 'min_samples_leaf': 1, 'min_samples_split': 2, 'n_estimators': 50}",0.4690569761078883,0.4690569761078883,0.5947943165280773,0.5947943165280773
